Attribute Name,Lowest Price
 sequence: 1001,53
 sequence: 1003,34.900002
 sequence: 1005,169
 sequence: 1014,70
 sequence: 1018,89
 sequence: 105,80
 sequence: 1052,100
 sequence: 1069,222
 sequence: 1070,52
 sequence: 1072,55
 sequence: 1073,38
 sequence: 1076,69.690002
 sequence: 1079,49.900002
 sequence: 1086,188
 sequence: 1087,17.700001
 sequence: 1090,25
 sequence: 1099,27.9
 sequence: 1116,135
 sequence: 112,44
 sequence: 1120,150
 sequence: 1124,250
 sequence: 1127,27
 sequence: 1130,65
 sequence: 1138,35
 sequence: 1141,21
 sequence: 115,200
 sequence: 1161,249
 sequence: 1163,2000
 sequence: 1182,33
 sequence: 1188,54
 sequence: 1190,149
 sequence: 1196,35
 sequence: 12,120
 sequence: 1200,20.049999
 sequence: 1206,100
 sequence: 1209,51
 sequence: 1224,23
 sequence: 1228,48.5
 sequence: 1232,23
 sequence: 124,78.989998
 sequence: 1246,48
 sequence: 1251,19.9
 sequence: 1257,135
 sequence: 1259,38
 sequence: 1263,295
 sequence: 1266,100
 sequence: 1271,55
 sequence: 1273,80
 sequence: 1281,116
 sequence: 1284,42
 sequence: 1291,75
 sequence: 1298,39.5
 sequence: 1299,31
 sequence: 131,24
 sequence: 1319,79
 sequence: 1322,23.5
 sequence: 1323,34
 sequence: 1327,25
 sequence: 1331,22
 sequence: 134,85
 sequence: 1343,90
 sequence: 1345,108
 sequence: 1347,22
 sequence: 1365,49
 sequence: 1367,19.85
 sequence: 1370,185
 sequence: 1371,22.5
 sequence: 138,138
 sequence: 1380,10000
 sequence: 1381,65
 sequence: 1387,65
 sequence: 1390,79
 sequence: 1397,500
 sequence: 1398,150
 sequence: 14,29.99
 sequence: 1402,200
 sequence: 1412,38
 sequence: 1414,79.699997
 sequence: 1421,189
 sequence: 1424,850
 sequence: 1435,50
 sequence: 1448,35
 sequence: 1449,36.799999
 sequence: 1451,25
 sequence: 1454,300
 sequence: 1463,250
 sequence: 1467,98
 sequence: 1469,164
 sequence: 147,25
 sequence: 1473,34.990002
 sequence: 1479,588
 sequence: 1489,76.699997
 sequence: 1503,17.99
 sequence: 1510,29
 sequence: 1512,29
 sequence: 1513,33.990002
 sequence: 1524,45
 sequence: 1529,32
 sequence: 153,250
 sequence: 1530,1000
 sequence: 1533,23.9
 sequence: 1535,49.900002
 sequence: 1538,107
 sequence: 1539,27
 sequence: 154,269
 sequence: 1551,397
 sequence: 1554,288
 sequence: 1563,56
 sequence: 1566,101
 sequence: 1567,25
 sequence: 1580,500
 sequence: 1583,75
 sequence: 1587,250
 sequence: 1593,27
 sequence: 16,29
 sequence: 1601,55
 sequence: 1605,22
 sequence: 1608,149
 sequence: 1612,27.9
 sequence: 162,99
 sequence: 1622,39
 sequence: 1624,44.5
 sequence: 1626,100
 sequence: 1629,180
 sequence: 163,27
 sequence: 1634,150
 sequence: 1646,25.549999
 sequence: 1662,35
 sequence: 1670,30
 sequence: 1681,69
 sequence: 1682,27
 sequence: 1688,70
 sequence: 1692,45
 sequence: 1703,39
 sequence: 1716,32
 sequence: 1719,28.5
 sequence: 1720,1088
 sequence: 1722,50
 sequence: 1730,100
 sequence: 1741,80
 sequence: 1745,125
 sequence: 1747,84
 sequence: 1750,54
 sequence: 1753,130
 sequence: 1759,150
 sequence: 1765,29
 sequence: 177,39
 sequence: 178,1000
 sequence: 1796,328
 sequence: 1799,82
 sequence: 1808,69
 sequence: 1809,20
 sequence: 181,45
 sequence: 1817,99
 sequence: 1818,130
 sequence: 1821,30
 sequence: 1822,75
 sequence: 1828,88.879997
 sequence: 1832,295
 sequence: 1834,100
 sequence: 1835,69
 sequence: 1842,17.65
 sequence: 1848,150
 sequence: 1850,750
 sequence: 1852,144
 sequence: 1856,24.799999
 sequence: 1881,34
 sequence: 1882,1000
 sequence: 1884,99
 sequence: 1890,75
 sequence: 190,71
 sequence: 1901,500
 sequence: 1905,321
 sequence: 1907,18
 sequence: 1911,90
 sequence: 1922,71
 sequence: 1923,60
 sequence: 1925,32
 sequence: 1927,45
 sequence: 1929,377.769989
 sequence: 1930,69.690002
 sequence: 1936,115
 sequence: 1951,21
 sequence: 1955,35
 sequence: 1958,80
 sequence: 196,80
 sequence: 1968,100
 sequence: 1978,140
 sequence: 1980,69
 sequence: 1981,42
 sequence: 1991,350
 sequence: 1992,100
 sequence: 1997,45
 sequence: 1999,329
 sequence: 2000,40
 sequence: 2001,20
 sequence: 2003,100
 sequence: 2004,29.5
 sequence: 2008,101
 sequence: 201,32
 sequence: 2022,69
 sequence: 2026,24.950001
 sequence: 2029,80
 sequence: 2033,60
 sequence: 2042,99
 sequence: 2055,72
 sequence: 2059,29
 sequence: 2065,130
 sequence: 207,40.5
 sequence: 2080,169
 sequence: 2087,17.99
 sequence: 2090,120
 sequence: 2091,50
 sequence: 2093,94
 sequence: 2097,40
 sequence: 2102,24
 sequence: 2104,40
 sequence: 2118,22.700001
 sequence: 2123,100
 sequence: 2132,25
 sequence: 2140,25
 sequence: 2141,49
 sequence: 2147,50
 sequence: 2153,98
 sequence: 2176,70
 sequence: 2179,100
 sequence: 219,1
 sequence: 2203,20
 sequence: 2204,20.99
 sequence: 2205,60
 sequence: 221,14.9
 sequence: 2221,199
 sequence: 2224,70
 sequence: 2230,100
 sequence: 2231,88.888885
 sequence: 2234,27
 sequence: 2247,888
 sequence: 2259,399
 sequence: 2263,50
 sequence: 2264,200
 sequence: 2267,39
 sequence: 2272,44
 sequence: 2275,599
 sequence: 2280,60
 sequence: 2288,1000
 sequence: 2293,55
 sequence: 2300,199
 sequence: 2308,96
 sequence: 2311,60
 sequence: 2314,38
 sequence: 2317,19.99
 sequence: 2325,22.700001
 sequence: 2333,24
 sequence: 2343,58
 sequence: 2345,45
 sequence: 2358,55
 sequence: 2359,24.450001
 sequence: 2369,950
 sequence: 2370,99
 sequence: 2385,29
 sequence: 2394,75
 sequence: 2418,75
 sequence: 2423,125
 sequence: 2426,190
 sequence: 2431,70
 sequence: 2436,31
 sequence: 2439,66666
 sequence: 244,40
 sequence: 2446,599
 sequence: 2449,100
 sequence: 2453,99
 sequence: 2460,82
 sequence: 2468,888
 sequence: 2473,499
 sequence: 2476,50
 sequence: 2479,333
 sequence: 2489,50
 sequence: 2490,60
 sequence: 2494,50
 sequence: 2496,100
 sequence: 2513,100
 sequence: 2514,21
 sequence: 2517,66
 sequence: 2524,54
 sequence: 2536,56
 sequence: 2538,28000
 sequence: 2540,22
 sequence: 2549,40
 sequence: 2556,350
 sequence: 2560,99
 sequence: 2565,28
 sequence: 2583,75
 sequence: 2590,79
 sequence: 2591,92
 sequence: 2604,29.9
 sequence: 2613,69
 sequence: 2618,28
 sequence: 2619,59
 sequence: 2622,100
 sequence: 2624,35
 sequence: 2636,29.889999
 sequence: 2663,90
 sequence: 2665,999
 sequence: 2667,90
 sequence: 2669,50
 sequence: 2671,74.989998
 sequence: 2675,69
 sequence: 2679,100
 sequence: 2685,10000
 sequence: 2704,39
 sequence: 2713,26.799999
 sequence: 2724,39.5
 sequence: 2733,224
 sequence: 2735,28
 sequence: 2737,55
 sequence: 2741,399
 sequence: 2743,29
 sequence: 2754,55
 sequence: 2755,19
 sequence: 2756,123.400002
 sequence: 2761,99
 sequence: 2779,37
 sequence: 2784,34
 sequence: 2785,200
 sequence: 279,50
 sequence: 2801,49
 sequence: 2803,67
 sequence: 2805,19
 sequence: 2807,60
 sequence: 2811,27
 sequence: 2813,140
 sequence: 2816,42.069
 sequence: 2818,250
 sequence: 2819,380
 sequence: 2825,50
 sequence: 2836,149
 sequence: 2838,52
 sequence: 2842,95
 sequence: 2848,69
 sequence: 285,140
 sequence: 2853,388
 sequence: 2861,100
 sequence: 2862,488
 sequence: 2866,98
 sequence: 2867,99.699997
 sequence: 2879,35
 sequence: 2880,51
 sequence: 2881,27
 sequence: 2885,29
 sequence: 2888,59.689999
 sequence: 2894,33
 sequence: 2899,25
 sequence: 2906,82
 sequence: 2907,100
 sequence: 2919,27.4
 sequence: 2924,64
 sequence: 2930,134.444
 sequence: 2939,44
 sequence: 2945,46
 sequence: 2946,45
 sequence: 295,42
 sequence: 2950,88
 sequence: 2955,30
 sequence: 2963,28
 sequence: 2968,59
 sequence: 297,19
 sequence: 2971,185
 sequence: 2976,69.999001
 sequence: 2978,90
 sequence: 2979,39.999001
 sequence: 298,24.9
 sequence: 2989,540
 sequence: 2997,197
 sequence: 3004,30
 sequence: 3021,99.800003
 sequence: 3026,79
 sequence: 3027,150
 sequence: 3035,50
 sequence: 3042,20
 sequence: 3048,19
 sequence: 3055,137
 sequence: 3056,275
 sequence: 3057,58
 sequence: 3068,135
 sequence: 3071,65
 sequence: 3072,22.5
 sequence: 3077,64
 sequence: 3079,75
 sequence: 308,500
 sequence: 3081,373
 sequence: 3083,150
 sequence: 3091,442
 sequence: 3098,36
 sequence: 310,30
 sequence: 3103,100
 sequence: 3104,50
 sequence: 3111,277
 sequence: 3127,111
 sequence: 3135,69
 sequence: 3139,149
 sequence: 3150,100
 sequence: 3157,294.940002
 sequence: 3161,75
 sequence: 3172,26
 sequence: 3189,21.9
 sequence: 3213,35
 sequence: 3215,90
 sequence: 3217,99
 sequence: 3222,800
 sequence: 3223,28
 sequence: 3225,25
 sequence: 3230,75
 sequence: 3239,25
 sequence: 3240,149
 sequence: 3256,114
 sequence: 3257,100
 sequence: 3260,29.99
 sequence: 3276,95
 sequence: 328,20
 sequence: 3280,55
 sequence: 3293,199
 sequence: 3306,111
 sequence: 3310,177
 sequence: 3312,130
 sequence: 3320,83
 sequence: 3322,350
 sequence: 333,333
 sequence: 3333,333.299988
 sequence: 3344,69.419998
 sequence: 3348,42
 sequence: 3349,23
 sequence: 3362,28
 sequence: 3385,99.989998
 sequence: 34,220
 sequence: 3401,28.5
 sequence: 3403,33
 sequence: 341,1800
 sequence: 3416,64
 sequence: 3417,249
 sequence: 3418,21
 sequence: 3420,99.900002
 sequence: 3441,98.800003
 sequence: 3444,50
 sequence: 3447,17.9
 sequence: 3451,50
 sequence: 3452,300
 sequence: 346,27
 sequence: 3462,35
 sequence: 3463,59
 sequence: 3464,111
 sequence: 3465,50
 sequence: 3470,500
 sequence: 3473,20
 sequence: 3481,1001
 sequence: 3498,29.99
 sequence: 3499,42
 sequence: 35,100
 sequence: 3503,21.25
 sequence: 3508,19.4
 sequence: 3516,48
 sequence: 352,54
 sequence: 3524,60
 sequence: 3529,27.799999
 sequence: 3536,19.9
 sequence: 3537,29
 sequence: 354,37
 sequence: 3545,29
 sequence: 3551,26
 sequence: 3568,49
 sequence: 3570,400
 sequence: 3572,47.5
 sequence: 3575,125
 sequence: 3581,65
 sequence: 3587,123
 sequence: 3589,49
 sequence: 3590,75
 sequence: 3593,49.990002
 sequence: 3596,69.690002
 sequence: 3597,28
 sequence: 3598,49
 sequence: 3605,95
 sequence: 362,25
 sequence: 3623,69
 sequence: 3628,30
 sequence: 3632,40
 sequence: 3635,398
 sequence: 3640,369
 sequence: 3647,100
 sequence: 3653,23
 sequence: 3659,999
 sequence: 3663,120
 sequence: 3674,75
 sequence: 3675,165
 sequence: 3678,24.9
 sequence: 3679,65
 sequence: 368,120
 sequence: 3686,300
 sequence: 3687,1000
 sequence: 3691,60
 sequence: 3701,599
 sequence: 3705,20
 sequence: 3711,25
 sequence: 3716,27
 sequence: 3718,147
 sequence: 3719,38
 sequence: 3727,39
 sequence: 373,95
 sequence: 3739,49
 sequence: 3745,29.5
 sequence: 3749,138
 sequence: 3750,35
 sequence: 3756,97
 sequence: 3758,288
 sequence: 3762,100
 sequence: 3769,33
 sequence: 3770,49
 sequence: 3776,75
 sequence: 3787,27
 sequence: 3792,33
 sequence: 3798,500
 sequence: 3805,60
 sequence: 3808,9876
 sequence: 381,250
 sequence: 3814,39
 sequence: 382,99
 sequence: 3820,52
 sequence: 3825,49
 sequence: 3826,79
 sequence: 3827,50
 sequence: 3830,69
 sequence: 3848,98
 sequence: 385,290
 sequence: 3854,148
 sequence: 3859,200
 sequence: 3860,98
 sequence: 3867,90
 sequence: 3870,18
 sequence: 3871,108
 sequence: 3877,39.950001
 sequence: 3885,100
 sequence: 3892,42
 sequence: 3895,28
 sequence: 3899,420
 sequence: 39,23.950001
 sequence: 3902,100
 sequence: 3910,29.99
 sequence: 3917,240
 sequence: 3930,35
 sequence: 3947,21.5
 sequence: 3965,25
 sequence: 3966,50
 sequence: 397,600
 sequence: 3972,29
 sequence: 3973,21
 sequence: 3976,30
 sequence: 3980,22.690001
 sequence: 3983,88
 sequence: 3984,188.888794
 sequence: 3989,42
 sequence: 399,150
 sequence: 4002,50
 sequence: 4004,69.989998
 sequence: 4006,50
 sequence: 4007,100
 sequence: 401,65
 sequence: 4013,88.879997
 sequence: 4015,90
 sequence: 403,110
 sequence: 4033,40
 sequence: 4042,60
 sequence: 4044,800
 sequence: 4047,100
 sequence: 4055,98
 sequence: 407,39
 sequence: 4071,333
 sequence: 4074,128
 sequence: 4075,31
 sequence: 4078,27
 sequence: 4079,30
 sequence: 4081,555
 sequence: 4087,27
 sequence: 4091,88.900002
 sequence: 4092,22
 sequence: 4094,100
 sequence: 4096,130
 sequence: 4097,980
 sequence: 4099,100
 sequence: 4115,688
 sequence: 4117,169
 sequence: 4120,78
 sequence: 4121,65
 sequence: 4139,63
 sequence: 4141,80
 sequence: 4145,75
 sequence: 4149,82
 sequence: 4156,40.200001
 sequence: 4172,999
 sequence: 4174,32
 sequence: 4179,27
 sequence: 418,19
 sequence: 4180,23.389999
 sequence: 4182,39
 sequence: 4185,125
 sequence: 420,42
 sequence: 4205,50
 sequence: 4210,48
 sequence: 4213,700
 sequence: 4230,95
 sequence: 4236,25.9
 sequence: 4238,188
 sequence: 424,24.799999
 sequence: 4245,99
 sequence: 4248,35
 sequence: 4264,65
 sequence: 4272,200
 sequence: 4274,500
 sequence: 4280,75
 sequence: 4283,100
 sequence: 4284,19
 sequence: 4287,350
 sequence: 43,55
 sequence: 4305,33.5
 sequence: 431,165
 sequence: 4311,80
 sequence: 432,99
 sequence: 4321,87
 sequence: 4331,1000
 sequence: 4342,42
 sequence: 4376,22.799999
 sequence: 4378,60
 sequence: 4396,42
 sequence: 441,50
 sequence: 4413,72
 sequence: 4414,88.879997
 sequence: 4420,79.5
 sequence: 4432,27
 sequence: 4433,66
 sequence: 4437,29
 sequence: 4441,500
 sequence: 4450,21.5
 sequence: 4452,53
 sequence: 4458,28.5
 sequence: 4465,80
 sequence: 4470,17.799999
 sequence: 4479,190
 sequence: 4487,2.4
 sequence: 4488,27.5
 sequence: 4489,33.5
 sequence: 4492,60
 sequence: 4499,99.989998
 sequence: 4502,525
 sequence: 4506,39
 sequence: 4514,29.5
 sequence: 4515,31
 sequence: 4516,49
 sequence: 452,69.690002
 sequence: 4524,34.990002
 sequence: 4534,29
 sequence: 4541,888
 sequence: 4542,29.799999
 sequence: 4545,37
 sequence: 455,44
 sequence: 4565,43
 sequence: 4576,85
 sequence: 4577,58
 sequence: 4586,199
 sequence: 459,399
 sequence: 4594,50
 sequence: 4602,28.9
 sequence: 4604,170
 sequence: 4605,277
 sequence: 4627,45
 sequence: 4628,60
 sequence: 4642,30
 sequence: 4645,2000
 sequence: 4651,111.690002
 sequence: 4657,10000
 sequence: 4658,58.799999
 sequence: 4659,39
 sequence: 4675,50
 sequence: 4691,1000
 sequence: 4693,76
 sequence: 4702,49
 sequence: 4703,35
 sequence: 4707,24.888
 sequence: 4712,65
 sequence: 4714,56
 sequence: 4718,27
 sequence: 472,200
 sequence: 4726,67
 sequence: 4730,150
 sequence: 4732,23.98
 sequence: 4748,135
 sequence: 4754,26
 sequence: 4761,23
 sequence: 4762,195
 sequence: 4770,60
 sequence: 4773,55
 sequence: 4790,52
 sequence: 4793,120
 sequence: 4796,24.49
 sequence: 4803,30
 sequence: 4806,93
 sequence: 4811,79.5
 sequence: 4816,999
 sequence: 4824,21.9
 sequence: 4828,69.5
 sequence: 4845,89
 sequence: 4852,35
 sequence: 4865,150
 sequence: 4869,45
 sequence: 4891,149
 sequence: 4895,40
 sequence: 4911,16.5
 sequence: 4916,40
 sequence: 4918,37.5
 sequence: 4921,150
 sequence: 4933,550
 sequence: 4943,99
 sequence: 4948,24.690001
 sequence: 4959,5000
 sequence: 496,1200
 sequence: 4965,31.5
 sequence: 4968,38
 sequence: 4969,225
 sequence: 4970,250
 sequence: 4977,37
 sequence: 4978,28
 sequence: 5004,100
 sequence: 501,199
 sequence: 5014,90
 sequence: 5016,77
 sequence: 5026,40
 sequence: 5037,105
 sequence: 5041,150
 sequence: 5044,150
 sequence: 5048,49
 sequence: 5066,69
 sequence: 5067,75
 sequence: 5068,800
 sequence: 5069,90
 sequence: 5073,40
 sequence: 5076,40
 sequence: 5082,129
 sequence: 5098,25
 sequence: 51,38
 sequence: 5103,1500
 sequence: 5105,499
 sequence: 5109,188.880005
 sequence: 5114,150
 sequence: 5121,119
 sequence: 513,55.900002
 sequence: 5134,55
 sequence: 5138,28
 sequence: 5144,70
 sequence: 5149,150
 sequence: 5158,88
 sequence: 516,411
 sequence: 5163,40
 sequence: 5165,70
 sequence: 5179,45
 sequence: 5182,80
 sequence: 5196,48
 sequence: 5209,99
 sequence: 5220,175
 sequence: 5225,25
 sequence: 5230,32.900002
 sequence: 5237,220
 sequence: 5242,100
 sequence: 5250,151
 sequence: 5264,23.9
 sequence: 5270,99
 sequence: 5273,69
 sequence: 5275,247
 sequence: 5277,250
 sequence: 5280,10000
 sequence: 529,3000
 sequence: 5290,49
 sequence: 5298,55
 sequence: 5300,188
 sequence: 5301,32.900002
 sequence: 5315,140
 sequence: 5320,120
 sequence: 5321,68
 sequence: 5327,29
 sequence: 5331,125
 sequence: 5337,26.799999
 sequence: 5339,27
 sequence: 5346,188
 sequence: 5347,29
 sequence: 5354,5354
 sequence: 5358,30
 sequence: 5359,130
 sequence: 536,53
 sequence: 5368,220
 sequence: 5370,270
 sequence: 5373,450
 sequence: 5376,21.200001
 sequence: 5378,188
 sequence: 5380,49.900002
 sequence: 5385,50
 sequence: 539,17.9
 sequence: 5391,24.200001
 sequence: 5397,25
 sequence: 5400,196
 sequence: 5402,39
 sequence: 5411,43.5
 sequence: 5414,25
 sequence: 5432,23.299999
 sequence: 5437,100
 sequence: 5439,69
 sequence: 5447,61
 sequence: 5451,99.989998
 sequence: 5452,999
 sequence: 5465,64.400002
 sequence: 547,18
 sequence: 5472,25.9
 sequence: 5473,88888
 sequence: 5476,499
 sequence: 5479,54
 sequence: 548,79
 sequence: 5493,999
 sequence: 5498,1000
 sequence: 5499,70
 sequence: 5507,100
 sequence: 5514,130
 sequence: 5522,399
 sequence: 5524,31
 sequence: 5531,79
 sequence: 5533,500
 sequence: 5537,200
 sequence: 5542,33.330002
 sequence: 5553,30
 sequence: 5560,29
 sequence: 557,35
 sequence: 5573,40
 sequence: 558,24.9
 sequence: 5593,59
 sequence: 560,33.330002
 sequence: 5607,80
 sequence: 5612,35
 sequence: 5618,59
 sequence: 5630,99
 sequence: 5631,333
 sequence: 5634,45
 sequence: 5639,66
 sequence: 5641,149
 sequence: 5645,38
 sequence: 5646,46.689999
 sequence: 5658,49.990002
 sequence: 5659,350
 sequence: 5668,24.99
 sequence: 5671,22
 sequence: 5680,1000
 sequence: 5681,49
 sequence: 5682,249
 sequence: 5696,90
 sequence: 5697,3
 sequence: 5698,25
 sequence: 5704,50
 sequence: 5706,698
 sequence: 5707,64
 sequence: 5709,38
 sequence: 5710,30
 sequence: 5713,30
 sequence: 5718,280
 sequence: 5720,27.5
 sequence: 5724,66
 sequence: 5738,19.5
 sequence: 5752,38
 sequence: 5754,26
 sequence: 5767,125
 sequence: 5770,99.5
 sequence: 5772,100
 sequence: 578,190
 sequence: 5782,120
 sequence: 5787,32.689999
 sequence: 5788,49.5
 sequence: 5798,21
 sequence: 580,30
 sequence: 5805,59
 sequence: 5807,33
 sequence: 5816,350
 sequence: 5817,86
 sequence: 583,500
 sequence: 5856,40
 sequence: 5860,44
 sequence: 5868,999
 sequence: 588,1100
 sequence: 5888,85
 sequence: 5891,550
 sequence: 5893,73.900002
 sequence: 5910,40
 sequence: 5915,38
 sequence: 5919,4000
 sequence: 5929,24.6
 sequence: 5943,31.950001
 sequence: 5944,55
 sequence: 5949,50
 sequence: 5964,411.110992
 sequence: 5969,350
 sequence: 5974,199
 sequence: 5979,140
 sequence: 5989,69.900002
 sequence: 5990,68
 sequence: 5993,170
 sequence: 6000,62
 sequence: 6001,3000
 sequence: 6004,575
 sequence: 6007,69
 sequence: 6018,100
 sequence: 6028,24
 sequence: 6029,22.799999
 sequence: 6030,19.5
 sequence: 6042,42
 sequence: 6071,1250
 sequence: 6073,20
 sequence: 6080,30
 sequence: 6084,600
 sequence: 609,28.5
 sequence: 6091,40
 sequence: 6109,55
 sequence: 6112,144.444443
 sequence: 6119,99
 sequence: 6128,50
 sequence: 6131,68.5
 sequence: 6149,20
 sequence: 6151,40
 sequence: 6175,55
 sequence: 6177,60
 sequence: 6179,100
 sequence: 6180,60
 sequence: 6181,350
 sequence: 6184,39
 sequence: 6187,40.5
 sequence: 6188,128
 sequence: 619,25.5
 sequence: 6194,200
 sequence: 620,200
 sequence: 6201,30
 sequence: 6204,125
 sequence: 6213,100
 sequence: 6217,67
 sequence: 6223,35
 sequence: 6235,187
 sequence: 6241,20
 sequence: 6244,200
 sequence: 6245,67.5
 sequence: 6261,50
 sequence: 6269,40
 sequence: 6272,180
 sequence: 6287,79
 sequence: 6289,30
 sequence: 6292,46.75
 sequence: 6294,90
 sequence: 6311,2888
 sequence: 6315,99
 sequence: 6334,36.970001
 sequence: 6344,20
 sequence: 6347,45
 sequence: 6349,88
 sequence: 6355,99
 sequence: 6374,99
 sequence: 6382,169
 sequence: 6384,50
 sequence: 6393,60
 sequence: 6394,23.9
 sequence: 6397,100
 sequence: 64,60
 sequence: 6402,140
 sequence: 6404,39
 sequence: 6407,49
 sequence: 6410,35
 sequence: 6414,50
 sequence: 6423,50
 sequence: 6429,37
 sequence: 6436,49.900002
 sequence: 6441,29
 sequence: 6448,33
 sequence: 6462,239
 sequence: 6470,35
 sequence: 6479,2021
 sequence: 6491,17.93
 sequence: 6500,24
 sequence: 6501,200
 sequence: 651,69
 sequence: 6518,39
 sequence: 6519,48.48
 sequence: 6520,222
 sequence: 6525,130
 sequence: 6526,150
 sequence: 6530,25
 sequence: 6542,65
 sequence: 6546,175
 sequence: 6550,58
 sequence: 6555,55
 sequence: 6558,85
 sequence: 6561,89
 sequence: 6562,30
 sequence: 6565,36
 sequence: 6575,23.200001
 sequence: 6580,45
 sequence: 6583,59
 sequence: 6587,325
 sequence: 6589,25.5
 sequence: 6592,88.879997
 sequence: 6594,10000
 sequence: 6598,188
 sequence: 6599,330
 sequence: 66,59
 sequence: 6603,68
 sequence: 6605,55
 sequence: 6619,98.970001
 sequence: 6624,99
 sequence: 6635,70
 sequence: 6636,30
 sequence: 6639,22
 sequence: 6645,100
 sequence: 665,25.5
 sequence: 6650,29
 sequence: 6652,19
 sequence: 6654,44
 sequence: 6660,38.599998
 sequence: 6663,23.9
 sequence: 6670,166
 sequence: 6672,55
 sequence: 6674,68
 sequence: 6687,150
 sequence: 6690,200
 sequence: 67,99
 sequence: 6702,26.5
 sequence: 6711,133
 sequence: 6718,100
 sequence: 6719,39
 sequence: 6726,75
 sequence: 6727,77.769997
 sequence: 6733,100
 sequence: 6747,29
 sequence: 6755,188
 sequence: 6756,42
 sequence: 6769,249
 sequence: 6776,27.9
 sequence: 678,35
 sequence: 6783,25
 sequence: 6787,29.860001
 sequence: 6789,1000
 sequence: 679,9999
 sequence: 6790,400
 sequence: 6797,199
 sequence: 6799,200
 sequence: 6800,100
 sequence: 6806,88
 sequence: 6810,500
 sequence: 6811,55
 sequence: 6816,499
 sequence: 6818,45
 sequence: 682,49
 sequence: 6828,350
 sequence: 6829,195
 sequence: 6833,88
 sequence: 6840,28
 sequence: 6843,64
 sequence: 6846,25
 sequence: 6861,39.5
 sequence: 6881,50
 sequence: 689,30
 sequence: 6890,80
 sequence: 69,275
 sequence: 6906,99
 sequence: 6926,180
 sequence: 6941,89
 sequence: 6947,39
 sequence: 6950,45
 sequence: 6952,201
 sequence: 696,48
 sequence: 6963,60
 sequence: 6969,36
 sequence: 6973,150
 sequence: 6981,49
 sequence: 6989,39
 sequence: 6992,169
 sequence: 6997,20
 sequence: 701,10000
 sequence: 7013,50
 sequence: 7020,19.99
 sequence: 7026,85
 sequence: 7027,45
 sequence: 7032,78
 sequence: 7034,169
 sequence: 7053,200
 sequence: 7055,100
 sequence: 7059,24
 sequence: 706,200
 sequence: 7060,55
 sequence: 7071,36
 sequence: 7073,340
 sequence: 7074,69
 sequence: 7081,750
 sequence: 7085,100
 sequence: 7097,90
 sequence: 7099,46
 sequence: 7113,200
 sequence: 7120,119
 sequence: 7121,20.99
 sequence: 7124,33
 sequence: 7125,500
 sequence: 7138,34.799999
 sequence: 7141,49
 sequence: 7146,25
 sequence: 7147,24.549999
 sequence: 7168,83
 sequence: 7170,100
 sequence: 7173,90
 sequence: 7175,75
 sequence: 7179,27.299999
 sequence: 7180,185
 sequence: 7185,40
 sequence: 7197,420
 sequence: 72,65
 sequence: 7207,29
 sequence: 7210,24.99
 sequence: 7211,17.889999
 sequence: 7214,20
 sequence: 7217,49
 sequence: 7218,1990
 sequence: 7224,42
 sequence: 7225,250
 sequence: 7236,69
 sequence: 7252,60
 sequence: 7257,120
 sequence: 7265,26
 sequence: 7269,29.99
 sequence: 727,75
 sequence: 7270,39
 sequence: 7286,56
 sequence: 7294,30
 sequence: 7297,69
 sequence: 7300,34.900002
 sequence: 7313,47
 sequence: 7323,39
 sequence: 7337,71.5
 sequence: 7338,42
 sequence: 7339,60
 sequence: 735,41
 sequence: 7350,485
 sequence: 7360,95
 sequence: 7365,99
 sequence: 7367,51
 sequence: 7368,100
 sequence: 737,67
 sequence: 7383,40
 sequence: 7386,200
 sequence: 7389,200
 sequence: 7390,38
 sequence: 740,150
 sequence: 7403,35
 sequence: 7413,120
 sequence: 7417,19.9
 sequence: 7422,88
 sequence: 7428,20
 sequence: 7429,74.290001
 sequence: 7432,69
 sequence: 7437,53
 sequence: 7441,30
 sequence: 7456,60
 sequence: 746,38
 sequence: 7469,100
 sequence: 747,42.419998
 sequence: 7476,100
 sequence: 7479,22.4
 sequence: 7488,29.950001
 sequence: 7492,321
 sequence: 7496,100
 sequence: 7498,150
 sequence: 75,19
 sequence: 7510,100
 sequence: 7516,299
 sequence: 7519,99
 sequence: 7524,250
 sequence: 7530,69
 sequence: 7537,230
 sequence: 7538,69
 sequence: 7546,100
 sequence: 7554,48
 sequence: 7567,39.990002
 sequence: 7569,100
 sequence: 7573,150
 sequence: 7574,111
 sequence: 758,200
 sequence: 7580,149
 sequence: 7581,18.99
 sequence: 7585,135
 sequence: 7587,17
 sequence: 7599,23
 sequence: 7604,80
 sequence: 7622,25.99
 sequence: 7642,17.940001
 sequence: 7644,249
 sequence: 7645,240
 sequence: 7658,45.5
 sequence: 7684,29
 sequence: 7687,40
 sequence: 77,99
 sequence: 7716,20.99
 sequence: 7724,22.5
 sequence: 7739,26
 sequence: 7741,109
 sequence: 7742,21.75
 sequence: 7751,24
 sequence: 7755,50
 sequence: 7761,888
 sequence: 7777,777.77002
 sequence: 778,150
 sequence: 7788,29.99
 sequence: 7789,90
 sequence: 7792,30
 sequence: 7795,17.700001
 sequence: 7799,29
 sequence: 7800,80
 sequence: 7806,350
 sequence: 7816,44
 sequence: 782,25
 sequence: 7820,59
 sequence: 7824,21.75
 sequence: 7825,51
 sequence: 783,88.800003
 sequence: 7835,128
 sequence: 7839,499
 sequence: 7840,200
 sequence: 7842,99
 sequence: 7844,175
 sequence: 7845,110
 sequence: 7850,70
 sequence: 7857,250
 sequence: 7864,245
 sequence: 7865,58
 sequence: 7877,29.99
 sequence: 788,101.010002
 sequence: 7881,41
 sequence: 7884,188
 sequence: 789,987
 sequence: 7890,32
 sequence: 7892,25
 sequence: 7897,49
 sequence: 7907,25
 sequence: 7912,149
 sequence: 7913,95
 sequence: 7917,20
 sequence: 7922,56
 sequence: 7925,27
 sequence: 7930,50
 sequence: 7933,50
 sequence: 7936,88.879997
 sequence: 794,36
 sequence: 7948,65
 sequence: 7953,100
 sequence: 796,80
 sequence: 7963,277.769989
 sequence: 7967,45
 sequence: 7971,25.5
 sequence: 7974,34
 sequence: 7985,40
 sequence: 7986,240
 sequence: 7987,23.9
 sequence: 7996,32
 sequence: 7997,165
 sequence: 7998,23.25
 sequence: 8002,225
 sequence: 8007,55
 sequence: 8010,333
 sequence: 8012,80
 sequence: 8013,29.99
 sequence: 8015,18.969999
 sequence: 8017,50
 sequence: 8021,280
 sequence: 8028,175
 sequence: 8032,50
 sequence: 8038,40
 sequence: 8039,30
 sequence: 8045,48
 sequence: 8048,50
 sequence: 8051,60
 sequence: 8058,250
 sequence: 8063,65
 sequence: 8067,229
 sequence: 8082,210
 sequence: 8086,499
 sequence: 8093,45
 sequence: 8095,85
 sequence: 8106,27.5
 sequence: 8112,44.950001
 sequence: 8117,59
 sequence: 8123,18
 sequence: 8124,85
 sequence: 8129,28.9
 sequence: 8152,30
 sequence: 8156,149
 sequence: 8157,75
 sequence: 8165,88
 sequence: 8178,62
 sequence: 818,36
 sequence: 8181,1881
 sequence: 8185,143
 sequence: 8186,185
 sequence: 8188,25000
 sequence: 8194,24.799999
 sequence: 8195,199
 sequence: 8196,96
 sequence: 820,28.799999
 sequence: 821,150
 sequence: 8220,888
 sequence: 8227,90
 sequence: 8230,400
 sequence: 8233,35
 sequence: 8238,34.599998
 sequence: 8243,30
 sequence: 8247,100
 sequence: 825,49
 sequence: 8250,300
 sequence: 8254,98
 sequence: 8263,54
 sequence: 8275,30
 sequence: 8277,159
 sequence: 8291,69
 sequence: 8294,35
 sequence: 8295,210
 sequence: 8298,36
 sequence: 8299,86
 sequence: 8316,299
 sequence: 833,24
 sequence: 8335,690
 sequence: 8336,57
 sequence: 8341,85
 sequence: 835,44.900002
 sequence: 8350,6000
 sequence: 8352,30
 sequence: 8370,59
 sequence: 8372,55
 sequence: 8375,55
 sequence: 8377,500
 sequence: 8387,121
 sequence: 8388,241
 sequence: 839,200
 sequence: 8395,27
 sequence: 8396,99
 sequence: 8400,300
 sequence: 8406,50
 sequence: 8409,9999
 sequence: 8412,23
 sequence: 8425,450
 sequence: 8429,28
 sequence: 8430,188
 sequence: 8432,39
 sequence: 8440,31
 sequence: 8441,20000
 sequence: 8443,88
 sequence: 8450,999
 sequence: 8458,288
 sequence: 8461,300
 sequence: 8469,1010
 sequence: 8470,31.9
 sequence: 8478,39.900002
 sequence: 849,109
 sequence: 8493,37
 sequence: 8494,70
 sequence: 8498,47
 sequence: 8499,63
 sequence: 8502,588
 sequence: 8512,69
 sequence: 8515,35
 sequence: 8516,40
 sequence: 8523,201
 sequence: 8527,300
 sequence: 8536,35
 sequence: 8537,123
 sequence: 8545,1250
 sequence: 8546,169
 sequence: 8549,180
 sequence: 8550,500
 sequence: 8572,62
 sequence: 8580,38
 sequence: 859,35
 sequence: 8594,50
 sequence: 8598,23.5
 sequence: 860,42
 sequence: 8601,40
 sequence: 8605,50
 sequence: 8609,35
 sequence: 8611,78
 sequence: 8616,100
 sequence: 8618,145
 sequence: 8620,176
 sequence: 8641,99.900002
 sequence: 865,24.5
 sequence: 8653,100
 sequence: 8657,41
 sequence: 8661,110
 sequence: 8664,18
 sequence: 8665,1500
 sequence: 8672,30
 sequence: 8685,66
 sequence: 8690,420
 sequence: 8699,340
 sequence: 8702,22.5
 sequence: 8704,128
 sequence: 8711,23
 sequence: 8715,68
 sequence: 8734,75
 sequence: 8742,350
 sequence: 875,150
 sequence: 8757,119
 sequence: 8762,96
 sequence: 8769,15001
 sequence: 8778,26.5
 sequence: 8780,63
 sequence: 8781,89
 sequence: 8792,45
 sequence: 8794,50
 sequence: 8802,55
 sequence: 881,28.9
 sequence: 8811,75
 sequence: 8818,100
 sequence: 8819,99
 sequence: 8822,62
 sequence: 8823,333.329987
 sequence: 8825,17.99
 sequence: 8828,300
 sequence: 8835,25
 sequence: 8838,279
 sequence: 8844,59
 sequence: 8848,35
 sequence: 885,49
 sequence: 8854,125
 sequence: 8856,35
 sequence: 8858,44
 sequence: 8861,140
 sequence: 8865,23.799999
 sequence: 8867,990
 sequence: 887,120
 sequence: 8879,52
 sequence: 8883,99.900002
 sequence: 8892,33
 sequence: 8897,25
 sequence: 8906,454
 sequence: 891,54
 sequence: 8910,420.690002
 sequence: 8913,46
 sequence: 8921,350
 sequence: 8925,130
 sequence: 8926,150
 sequence: 8935,3000
 sequence: 8939,75
 sequence: 894,95
 sequence: 8941,37
 sequence: 8947,35
 sequence: 8955,45
 sequence: 8956,1444
 sequence: 8959,700
 sequence: 896,199
 sequence: 8966,98
 sequence: 8968,95
 sequence: 897,100
 sequence: 8979,499
 sequence: 8982,2000
 sequence: 8996,49
 sequence: 9003,25
 sequence: 9006,19.5
 sequence: 9008,276
 sequence: 9013,195
 sequence: 9015,89
 sequence: 9024,45
 sequence: 9036,21.41
 sequence: 9044,59
 sequence: 9045,125
 sequence: 9048,19.799999
 sequence: 9049,750
 sequence: 9050,80
 sequence: 9053,70
 sequence: 9055,32
 sequence: 9073,34
 sequence: 9074,87
 sequence: 9104,175
 sequence: 9108,57
 sequence: 9109,32.900002
 sequence: 9121,24.98
 sequence: 9124,1000
 sequence: 9136,145
 sequence: 9137,71.110001
 sequence: 9138,250
 sequence: 914,110
 sequence: 9143,295
 sequence: 9152,33
 sequence: 9156,47
 sequence: 9160,55
 sequence: 9172,49
 sequence: 9177,24
 sequence: 9184,75
 sequence: 9185,100
 sequence: 9192,6900
 sequence: 9201,217
 sequence: 9203,100
 sequence: 9212,182
 sequence: 9214,24
 sequence: 9215,1000
 sequence: 9219,269
 sequence: 9232,29.9
 sequence: 9239,350
 sequence: 924,70
 sequence: 9240,120
 sequence: 9245,23
 sequence: 9250,34
 sequence: 9259,40
 sequence: 9264,25
 sequence: 9270,99
 sequence: 9277,120
 sequence: 9280,58.900002
 sequence: 9286,81
 sequence: 9290,33.333302
 sequence: 9292,17.5
 sequence: 9296,690
 sequence: 93,34
 sequence: 9305,80
 sequence: 9306,1888
 sequence: 9307,250
 sequence: 9313,76
 sequence: 9315,9999
 sequence: 9319,94
 sequence: 9323,420
 sequence: 9329,333
 sequence: 9332,169
 sequence: 9347,30.5
 sequence: 935,34
 sequence: 9353,45
 sequence: 9355,35
 sequence: 9358,50
 sequence: 936,49
 sequence: 9364,44.950001
 sequence: 9366,69.900002
 sequence: 9368,198
 sequence: 9375,39.900002
 sequence: 9384,197
 sequence: 9388,797
 sequence: 9395,147
 sequence: 9401,70
 sequence: 9402,28.5
 sequence: 9403,100
 sequence: 9430,36.5
 sequence: 944,169
 sequence: 9441,29
 sequence: 946,22
 sequence: 9462,500
 sequence: 9476,98
 sequence: 9485,850
 sequence: 9493,1000
 sequence: 9497,425
 sequence: 9501,88
 sequence: 951,24
 sequence: 9510,69
 sequence: 952,29.99
 sequence: 9538,68
 sequence: 9540,65
 sequence: 9544,800
 sequence: 9548,46
 sequence: 9559,55
 sequence: 9560,33.689999
 sequence: 9569,69
 sequence: 9580,1199
 sequence: 9581,22
 sequence: 9588,88
 sequence: 9591,100
 sequence: 9594,80
 sequence: 9596,79.900002
 sequence: 9599,1069
 sequence: 9600,30
 sequence: 9607,500
 sequence: 9609,95
 sequence: 9612,29
 sequence: 9614,55
 sequence: 9620,80
 sequence: 9627,9999
 sequence: 9630,22
 sequence: 9636,150
 sequence: 9637,27.5
 sequence: 964,29
 sequence: 965,39
 sequence: 9650,199
 sequence: 9651,65
 sequence: 966,75
 sequence: 9665,27.98
 sequence: 9685,150
 sequence: 9691,28
 sequence: 9698,498
 sequence: 970,43
 sequence: 9700,21.549999
 sequence: 9707,44
 sequence: 9723,322
 sequence: 9736,50
 sequence: 9741,139
 sequence: 9753,18
 sequence: 9755,50
 sequence: 9757,70
 sequence: 9759,100
 sequence: 9762,90
 sequence: 9767,55
 sequence: 9773,225
 sequence: 9774,85
 sequence: 978,400
 sequence: 9786,80
 sequence: 9787,99
 sequence: 9788,26.9
 sequence: 9792,23
 sequence: 9794,27.950001
 sequence: 9795,100
 sequence: 9801,200
 sequence: 9803,90
 sequence: 9808,100
 sequence: 9815,30
 sequence: 9816,56
 sequence: 9823,60
 sequence: 9829,55
 sequence: 9837,49
 sequence: 9844,100
 sequence: 9848,2000
 sequence: 9859,230
 sequence: 986,100
 sequence: 9872,210
 sequence: 9873,5000
 sequence: 9880,60
 sequence: 9888,125
 sequence: 9904,98.75
 sequence: 9905,77
 sequence: 991,79
 sequence: 9917,25.5
 sequence: 9919,69
 sequence: 9920,129
 sequence: 9924,75
 sequence: 9940,22.5
 sequence: 9941,27.5
 sequence: 9950,999
 sequence: 9951,88.800003
 sequence: 9952,500
 sequence: 996,996
 sequence: 9961,800
 sequence: 9978,25
 sequence: 9979,49
 sequence: 9982,1699
 sequence: 9983,5000
 sequence: 9985,695
 sequence: 9986,1499
 sequence: 9987,5000
 sequence: 9990,2250
 sequence: 9991,2280
 sequence: 9992,5555
 sequence: 9994,2000
Background: Base Background,1
Background: Blue,29
Background: Gradient Blue,2.4
Background: Lagoon,21
Background: Mallow Gradient,5000
Background: Soft Blue,17.940001
Background: Special Blue,1499
Background: Special Orange,2280
Cloth: Axobubble Outfit,69
Cloth: Base Cloth,2.4
Cloth: Beetlefox Outfit,1
Cloth: Bitebit Outfit,55
Cloth: Black Hoodie,19
Cloth: Black T-Shirt,19
Cloth: Classic Jacket,27
Cloth: Classy Outfit,17.700001
Cloth: Dinobit Outfit,69
Cloth: Dipking Outfit,49
Cloth: Dracurve Outfit,81
Cloth: FTX US Shirt,5000
Cloth: Green Sweater,24.99
Cloth: Hawaii Shirt,29.99
Cloth: Helios Black Overalls,2000
Cloth: Helios Outfit,45
Cloth: Jacket,14.9
Cloth: Jean Jacket,17.65
Cloth: Leather Jacket,19.99
Cloth: Open Jacket,230
Cloth: Open Leather Jacket,369
Cloth: Overalls,17
Cloth: Pink Stripes,17.99
Cloth: Polo,19
Cloth: Puffy Jacket,17.889999
Cloth: Sam Outfit,150
Cloth: Scarf ,329
Cloth: Shoulder Straps,27
Cloth: Unika Outfit,16.5
Cloth: Yellow Stripes,17.5
Cloth: Zzoo Outfit,86
Eyes: Aave Glasses,14.9
Eyes: Aurory Glasses,30
Eyes: Base Eyes,1
Eyes: Black Eyes,17.700001
Eyes: Blue Skull Glasses,17.940001
Eyes: Cat Black Pupil,27.950001
Eyes: Cat Eyes Black,24
Eyes: Cat Eyes Red,20
Eyes: Cat Green Pupil,20
Eyes: Green ,17.5
Eyes: Green Eyes,21
Eyes: Heart Glasses,3
Eyes: Helios Cyan Blue,2000
Eyes: Helios Purple,5555
Eyes: Red Eyes,17.65
Eyes: Spring Glasses,20
Eyes: Steampunk Glasses,21.25
Eyes: Viper Shades,16.5
Hair: Blob Hair,3
Hair: Blond Hair Attached,17
Hair: Brown Dreadlocks ,19.799999
Hair: Clementine Hair,16.5
Hair: Combed Haircut,17.5
Hair: Curly ,17.889999
Hair: Curly Black,5000
Hair: Green Hair,17.700001
Hair: Helios Purple Hair,5555
Hair: Helios White Hair,2000
Hair: Long Blob Hair,59.689999
Hair: Pigtails,18
Hair: Playmobil ,19.9
Hair: Purple Dreadlocks,17.700001
Hair: Shaved,19
Hair: Undercut,17.9
Hair: White Hair,29.799999
Hair: Zero Two Hair,1
Hat: Axobubble Hat,200
Hat: Beetlefox Hat,99
Hat: Beret Hat,14.9
Hat: Big Crown,17.99
Hat: Bitebit Hat,70
Hat: Crazy Horse Hat,125
Hat: Crown ,17.93
Hat: Cute headphone,16.5
Hat: Dinobit Hat,129
Hat: Dipking Hat,195
Hat: Doughnut Hat,20
Hat: Dracurve Hat,119
Hat: Dragon Hat,50
Hat: FTX US Cap,5000
Hat: Feather Hat,21.75
Hat: Gavroche Hat,20.99
Hat: Helios Hat,210
Hat: Jotaro Cap,45
Hat: Luffy Hat,2.4
Hat: Moogle ,30
Hat: Phantom Cap,20
Hat: Plague Hat,21.200001
Hat: Raccoon Hat,19.4
Hat: Sam Hat,32
Hat: Twitter Hat,19
Hat: Unika Hat,575
Hat: Witch Hat,23
Hat: Zzoo Hat,149
Mouth: Angry ,22.5
Mouth: Bane Mask,17.99
Mouth: Barely Angry,19.5
Mouth: Base Mouth,1
Mouth: Big Smile,18
Mouth: Cat Mask,17.9
Mouth: Grin,19
Mouth: Lollipop ,17.940001
Mouth: Oni Mask,19
Mouth: Paint Mask,17
Mouth: Plague Mask,14.9
Mouth: Steampunk Mask,17.9
Mouth: Zipper Mask,16.5
Necklace: Aurory Necklace,1
Necklace: Flower Necklace,2.4
Necklace: Helios Purple Cape,2000
Necklace: Shark Necklace,3
Necklace: Solana Necklace,18
Skin: Golden Blob,14.9
Skin: Helios Black Fur,5555
Skin: Helios Cat,2000
Skin: Human,1
Skin: Skeleton,350
Skin: Solana Blob,35
Skin: Zombie,100
Type: Aurorian,1
Type: Helios,2000
generation: 1,1
sequence: 1,5000
